集計期間,売上,会計数,会計単価,客数,客単価,商品数,現金支払合計額,現金支払額（10%標準）,現金支払額（8%軽減）,現金支払額（非課税）,現金その他支払合計額,現金その他支払額（10%標準）,現金その他支払額（8%軽減）,現金その他支払額（非課税）,割引額,売上（10%標準）,売上（8%軽減）,売上（8%標準）,売上（非課税）,返品数,返金額,返金額（10%標準）,返金額（8%軽減）,返金額（非課税）,"クレジットカード(Airペイ)支払合計額","クレジットカード(Airペイ)支払額（10%標準）","クレジットカード(Airペイ)支払額（8%軽減）","クレジットカード(Airペイ)支払額（非課税）","クレジットカード(Airペイ タッチ)支払合計額","クレジットカード(Airペイ タッチ)支払額（10%標準）","クレジットカード(Airペイ タッチ)支払額（8%軽減）","クレジットカード(Airペイ タッチ)支払額（非課税）","QR決済(Airペイ)支払合計額","QR決済(Airペイ)支払額（10%標準）","QR決済(Airペイ)支払額（8%軽減）","QR決済(Airペイ)支払額（非課税）","QR決済(Airペイ QR)支払合計額","QR決済(Airペイ QR)支払額（10%標準）","QR決済(Airペイ QR)支払額（8%軽減）","QR決済(Airペイ QR)支払額（非課税）","交通系電子マネー(Airペイ)支払合計額","交通系電子マネー(Airペイ)支払額（10%標準）","交通系電子マネー(Airペイ)支払額（8%軽減）","交通系電子マネー(Airペイ)支払額（非課税）","UnionPay 銀聯(Airペイ)支払合計額","UnionPay 銀聯(Airペイ)支払額（10%標準）","UnionPay 銀聯(Airペイ)支払額（8%軽減）","UnionPay 銀聯(Airペイ)支払額（非課税）","iD(Airペイ)支払合計額","iD(Airペイ)支払額（10%標準）","iD(Airペイ)支払額（8%軽減）","iD(Airペイ)支払額（非課税）","QUICPay(Airペイ)支払合計額","QUICPay(Airペイ)支払額（10%標準）","QUICPay(Airペイ)支払額（8%軽減）","QUICPay(Airペイ)支払額（非課税）","アントラーズDMO支払合計額","アントラーズDMO支払額（10%標準）","アントラーズDMO支払額（8%軽減）","アントラーズDMO支払額（非課税）","01_プロセミ支払合計額","01_プロセミ支払額（10%標準）","01_プロセミ支払額（8%軽減）","01_プロセミ支払額（非課税）","02_小林塗料支払合計額","02_小林塗料支払額（10%標準）","02_小林塗料支払額（8%軽減）","02_小林塗料支払額（非課税）","03_プラスワン支払合計額","03_プラスワン支払額（10%標準）","03_プラスワン支払額（8%軽減）","03_プラスワン支払額（非課税）","04_鈴生ハウジング支払合計額","04_鈴生ハウジング支払額（10%標準）","04_鈴生ハウジング支払額（8%軽減）","04_鈴生ハウジング支払額（非課税）","05_廣瀬造園支払合計額","05_廣瀬造園支払額（10%標準）","05_廣瀬造園支払額（8%軽減）","05_廣瀬造園支払額（非課税）","06_ヒューマンモビリティ支払合計額","06_ヒューマンモビリティ支払額（10%標準）","06_ヒューマンモビリティ支払額（8%軽減）","06_ヒューマンモビリティ支払額（非課税）","07_司設計事務所支払合計額","07_司設計事務所支払額（10%標準）","07_司設計事務所支払額（8%軽減）","07_司設計事務所支払額（非課税）","08_向後セラミックス支払合計額","08_向後セラミックス支払額（10%標準）","08_向後セラミックス支払額（8%軽減）","08_向後セラミックス支払額（非課税）","09_泉ハウジング支払合計額","09_泉ハウジング支払額（10%標準）","09_泉ハウジング支払額（8%軽減）","09_泉ハウジング支払額（非課税）","10_イセデリカ支払合計額","10_イセデリカ支払額（10%標準）","10_イセデリカ支払額（8%軽減）","10_イセデリカ支払額（非課税）","11_鹿島コムカイ支払合計額","11_鹿島コムカイ支払額（10%標準）","11_鹿島コムカイ支払額（8%軽減）","11_鹿島コムカイ支払額（非課税）","12_ミヤザキ支払合計額","12_ミヤザキ支払額（10%標準）","12_ミヤザキ支払額（8%軽減）","12_ミヤザキ支払額（非課税）","13_かみす消化器内視鏡クリニック支払合計額","13_かみす消化器内視鏡クリニック支払額（10%標準）","13_かみす消化器内視鏡クリニック支払額（8%軽減）","13_かみす消化器内視鏡クリニック支払額（非課税）","14_パルフィンガー支払合計額","14_パルフィンガー支払額（10%標準）","14_パルフィンガー支払額（8%軽減）","14_パルフィンガー支払額（非課税）","15_RVHSバイオラボ支払合計額","15_RVHSバイオラボ支払額（10%標準）","15_RVHSバイオラボ支払額（8%軽減）","15_RVHSバイオラボ支払額（非課税）","16_よろづ相談所支払合計額","16_よろづ相談所支払額（10%標準）","16_よろづ相談所支払額（8%軽減）","16_よろづ相談所支払額（非課税）","17_フジキ薬局支払合計額","17_フジキ薬局支払額（10%標準）","17_フジキ薬局支払額（8%軽減）","17_フジキ薬局支払額（非課税）","18_響の轍（ほっともっと小見川）支払合計額","18_響の轍（ほっともっと小見川）支払額（10%標準）","18_響の轍（ほっともっと小見川）支払額（8%軽減）","18_響の轍（ほっともっと小見川）支払額（非課税）","19_ロコティー支払合計額","19_ロコティー支払額（10%標準）","19_ロコティー支払額（8%軽減）","19_ロコティー支払額（非課税）"
202509,1851780,492,3763,772,2398,3440,1181320,1181320,0,0,670460,670460,0,0,1010,1851780,0,0,0,0,0,0,0,0,345950,345950,0,0,0,0,0,0,0,0,0,0,163400,163400,0,0,24780,24780,0,0,0,0,0,0,13310,13310,0,0,47580,47580,0,0,0,0,0,0,0,0,0,0,0,0,0,0,0,0,0,0,0,0,0,0,0,0,0,0,0,0,0,0,6030,6030,0,0,3410,3410,0,0,0,0,0,0,0,0,0,0,0,0,0,0,0,0,0,0,0,0,0,0,0,0,0,0,0,0,0,0,0,0,0,0,0,0,0,0,0,0,0,0,0,0,0,0
202510,1486900,363,4096,610,2437,2823,969560,969560,0,0,517340,517340,0,0,-1140,1486900,0,0,0,0,0,0,0,0,257560,257560,0,0,0,0,0,0,0,0,0,0,187060,187060,0,0,24960,24960,0,0,0,0,0,0,18680,18680,0,0,9330,9330,0,0,0,0,0,0,0,0,0,0,0,0,0,0,0,0,0,0,0,0,0,0,0,0,0,0,0,0,0,0,0,0,0,0,0,0,0,0,0,0,0,0,0,0,0,0,0,0,0,0,0,0,0,0,0,0,0,0,0,0,0,0,0,0,0,0,0,0,0,0,0,0,0,0,0,0,0,0,0,0,0,0
202511,1633970,445,3671,757,2158,3027,1045320,1045320,0,0,588650,588650,0,0,23520,1633970,0,0,0,2,-1480,-1480,0,0,278580,278580,0,0,0,0,0,0,0,0,0,0,175860,175860,0,0,22970,22970,0,0,0,0,0,0,14480,14480,0,0,8380,8380,0,0,0,0,0,0,0,0,0,0,0,0,0,0,0,0,0,0,0,0,0,0,0,0,0,0,0,0,0,0,14610,14610,0,0,7770,7770,0,0,0,0,0,0,0,0,0,0,0,0,0,0,0,0,0,0,0,0,0,0,0,0,0,0,0,0,0,0,0,0,0,0,0,0,0,0,0,0,0,0,0,0,0,0
202512,1813220,385,4709,757,2395,3536,1160700,1160700,0,0,652520,652520,0,0,-3880,1813220,0,0,0,0,0,0,0,0,371290,371290,0,0,0,0,0,0,129450,129450,0,0,40650,40650,0,0,28300,28300,0,0,0,0,0,0,22900,22900,0,0,31330,31330,0,0,0,0,0,0,0,0,0,0,0,0,0,0,0,0,0,0,0,0,0,0,0,0,0,0,0,0,0,0,28600,28600,0,0,0,0,0,0,0,0,0,0,0,0,0,0,0,0,0,0,0,0,0,0,0,0,0,0,0,0,0,0,0,0,0,0,0,0,0,0,0,0,0,0,0,0,0,0,0,0,0,0
202601,1113410,269,4139,463,2404,2129,699760,699760,0,0,413650,413650,0,0,-750,1113410,0,0,0,1,-1400,-1400,0,0,201310,201310,0,0,0,0,0,0,131440,131440,0,0,0,0,0,0,18770,18770,0,0,0,0,0,0,6990,6990,0,0,1690,1690,0,0,0,0,0,0,0,0,0,0,0,0,0,0,0,0,0,0,0,0,0,0,0,0,0,0,0,0,0,0,53450,53450,0,0,0,0,0,0,0,0,0,0,0,0,0,0,0,0,0,0,0,0,0,0,0,0,0,0,0,0,0,0,0,0,0,0,0,0,0,0,0,0,0,0,0,0,0,0,0,0,0,0
202602,1405550,357,3937,600,2342,2716,848400,848400,0,0,557150,557150,0,0,-27570,1405550,0,0,0,0,0,0,0,0,357670,357670,0,0,0,0,0,0,153490,153490,0,0,0,0,0,0,10840,10840,0,0,0,0,0,0,960,960,0,0,34190,34190,0,0,0,0,0,0,0,0,0,0,0,0,0,0,0,0,0,0,0,0,0,0,0,0,0,0,0,0,0,0,0,0,0,0,0,0,0,0,0,0,0,0,0,0,0,0,0,0,0,0,0,0,0,0,0,0,0,0,0,0,0,0,0,0,0,0,0,0,0,0,0,0,0,0,0,0,0,0,0,0,0,0
202603,2007550,443,4531,788,2547,3795,1246560,1246560,0,0,760990,760990,0,0,-21990,2007550,0,0,0,0,0,0,0,0,499530,499530,0,0,0,0,0,0,173100,173100,0,0,0,0,0,0,23910,23910,0,0,0,0,0,0,10810,10810,0,0,7690,7690,0,0,0,0,0,0,0,0,0,0,0,0,0,0,0,0,0,0,0,0,0,0,0,0,0,0,0,0,0,0,42760,42760,0,0,3190,3190,0,0,0,0,0,0,0,0,0,0,0,0,0,0,0,0,0,0,0,0,0,0,0,0,0,0,0,0,0,0,0,0,0,0,0,0,0,0,0,0,0,0,0,0,0,0
202604,1769090,409,4325,711,2488,3331,1254070,1254070,0,0,515020,515020,0,0,-2810,1769090,0,0,0,0,0,0,0,0,338120,338120,0,0,0,0,0,0,107530,107530,0,0,0,0,0,0,23360,23360,0,0,0,0,0,0,11740,11740,0,0,34270,34270,0,0,0,0,0,0,0,0,0,0,0,0,0,0,0,0,0,0,0,0,0,0,0,0,0,0,0,0,0,0,0,0,0,0,0,0,0,0,0,0,0,0,0,0,0,0,0,0,0,0,0,0,0,0,0,0,0,0,0,0,0,0,0,0,0,0,0,0,0,0,0,0,0,0,0,0,0,0,0,0,0,0
202605,2029520,480,4228,786,2582,3762,1328190,1328190,0,0,701330,701330,0,0,-920,2029520,0,0,0,0,0,0,0,0,461920,461920,0,0,0,0,0,0,168110,168110,0,0,0,0,0,0,34230,34230,0,0,0,0,0,0,11020,11020,0,0,11420,11420,0,0,0,0,0,0,0,0,0,0,0,0,0,0,0,0,0,0,0,0,0,0,0,0,0,0,0,0,0,0,6730,6730,0,0,7900,7900,0,0,0,0,0,0,0,0,0,0,0,0,0,0,0,0,0,0,0,0,0,0,0,0,0,0,0,0,0,0,0,0,0,0,0,0,0,0,0,0,0,0,0,0,0,0
202606,1493600,369,4047,612,2440,2791,967490,967490,0,0,526110,526110,0,0,-1600,1493600,0,0,0,0,0,0,0,0,304600,304600,0,0,0,0,0,0,161190,161190,0,0,0,0,0,0,6840,6840,0,0,0,0,0,0,15420,15420,0,0,14300,14300,0,0,0,0,0,0,0,0,0,0,22120,22120,0,0,0,0,0,0,0,0,0,0,0,0,0,0,0,0,0,0,1640,1640,0,0,0,0,0,0,0,0,0,0,0,0,0,0,0,0,0,0,0,0,0,0,0,0,0,0,0,0,0,0,0,0,0,0,0,0,0,0,0,0,0,0,0,0,0,0,0,0,0,0
202607,1983030,505,3926,872,2274,3462,1229510,1229510,0,0,753520,753520,0,0,-2590,1983030,0,0,0,0,0,0,0,0,485760,485760,0,0,0,0,0,0,223180,223180,0,0,0,0,0,0,25380,25380,0,0,0,0,0,0,5130,5130,0,0,0,0,0,0,0,0,0,0,0,0,0,0,0,0,0,0,0,0,0,0,0,0,0,0,0,0,0,0,0,0,0,0,14070,14070,0,0,0,0,0,0,0,0,0,0,0,0,0,0,0,0,0,0,0,0,0,0,0,0,0,0,0,0,0,0,0,0,0,0,0,0,0,0,0,0,0,0,0,0,0,0,0,0,0,0
202608,2268630,553,4102,1009,2248,4069,1390330,1390330,0,0,878300,878300,0,0,-5330,2268630,0,0,0,0,0,0,0,0,449550,449550,0,0,0,0,0,0,353370,353370,0,0,0,0,0,0,37540,37540,0,0,0,0,0,0,12890,12890,0,0,16600,16600,0,0,7500,7500,0,0,0,0,0,0,0,0,0,0,0,0,0,0,0,0,0,0,0,0,0,0,0,0,0,0,850,850,0,0,0,0,0,0,0,0,0,0,0,0,0,0,0,0,0,0,0,0,0,0,0,0,0,0,0,0,0,0,0,0,0,0,0,0,0,0,0,0,0,0,0,0,0,0,0,0,0,0
