集計期間,売上,会計数,会計単価,客数,客単価,商品数,現金支払合計額,現金支払額（10%標準）,現金支払額（8%軽減）,現金支払額（非課税）,現金その他支払合計額,現金その他支払額（10%標準）,現金その他支払額（8%軽減）,現金その他支払額（非課税）,割引額,売上（10%標準）,売上（8%軽減）,売上（8%標準）,売上（非課税）,返品数,返金額,返金額（10%標準）,返金額（8%軽減）,返金額（非課税）,"出前館支払合計額","出前館支払額（10%標準）","出前館支払額（8%軽減）","出前館支払額（非課税）","ウーバーイーツ支払合計額","ウーバーイーツ支払額（10%標準）","ウーバーイーツ支払額（8%軽減）","ウーバーイーツ支払額（非課税）","クレジットカード(Airペイ)支払合計額","クレジットカード(Airペイ)支払額（10%標準）","クレジットカード(Airペイ)支払額（8%軽減）","クレジットカード(Airペイ)支払額（非課税）","クレジットカード(Airペイ タッチ)支払合計額","クレジットカード(Airペイ タッチ)支払額（10%標準）","クレジットカード(Airペイ タッチ)支払額（8%軽減）","クレジットカード(Airペイ タッチ)支払額（非課税）","QR決済(Airペイ QR)支払合計額","QR決済(Airペイ QR)支払額（10%標準）","QR決済(Airペイ QR)支払額（8%軽減）","QR決済(Airペイ QR)支払額（非課税）","QR決済(Airペイ)支払合計額","QR決済(Airペイ)支払額（10%標準）","QR決済(Airペイ)支払額（8%軽減）","QR決済(Airペイ)支払額（非課税）","交通系電子マネー(Airペイ)支払合計額","交通系電子マネー(Airペイ)支払額（10%標準）","交通系電子マネー(Airペイ)支払額（8%軽減）","交通系電子マネー(Airペイ)支払額（非課税）","iD(Airペイ)支払合計額","iD(Airペイ)支払額（10%標準）","iD(Airペイ)支払額（8%軽減）","iD(Airペイ)支払額（非課税）","QUICPay(Airペイ)支払合計額","QUICPay(Airペイ)支払額（10%標準）","QUICPay(Airペイ)支払額（8%軽減）","QUICPay(Airペイ)支払額（非課税）","メルペイ支払合計額","メルペイ支払額（10%標準）","メルペイ支払額（8%軽減）","メルペイ支払額（非課税）","UnionPay 銀聯(Airペイ)支払合計額","UnionPay 銀聯(Airペイ)支払額（10%標準）","UnionPay 銀聯(Airペイ)支払額（8%軽減）","UnionPay 銀聯(Airペイ)支払額（非課税）","アントラーズDMO支払合計額","アントラーズDMO支払額（10%標準）","アントラーズDMO支払額（8%軽減）","アントラーズDMO支払額（非課税）","01_プロセミ支払合計額","01_プロセミ支払額（10%標準）","01_プロセミ支払額（8%軽減）","01_プロセミ支払額（非課税）","02_小林塗料支払合計額","02_小林塗料支払額（10%標準）","02_小林塗料支払額（8%軽減）","02_小林塗料支払額（非課税）","03_プラスワン支払合計額","03_プラスワン支払額（10%標準）","03_プラスワン支払額（8%軽減）","03_プラスワン支払額（非課税）","04_鈴生ハウジング支払合計額","04_鈴生ハウジング支払額（10%標準）","04_鈴生ハウジング支払額（8%軽減）","04_鈴生ハウジング支払額（非課税）","05_廣瀬造園支払合計額","05_廣瀬造園支払額（10%標準）","05_廣瀬造園支払額（8%軽減）","05_廣瀬造園支払額（非課税）","06_ヒューマンモビリティ支払合計額","06_ヒューマンモビリティ支払額（10%標準）","06_ヒューマンモビリティ支払額（8%軽減）","06_ヒューマンモビリティ支払額（非課税）","07_司設計事務所支払合計額","07_司設計事務所支払額（10%標準）","07_司設計事務所支払額（8%軽減）","07_司設計事務所支払額（非課税）","08_向後セラミックス支払合計額","08_向後セラミックス支払額（10%標準）","08_向後セラミックス支払額（8%軽減）","08_向後セラミックス支払額（非課税）","09_泉ハウジング支払合計額","09_泉ハウジング支払額（10%標準）","09_泉ハウジング支払額（8%軽減）","09_泉ハウジング支払額（非課税）","10_イセデリカ支払合計額","10_イセデリカ支払額（10%標準）","10_イセデリカ支払額（8%軽減）","10_イセデリカ支払額（非課税）","11_鹿島コムカイ支払合計額","11_鹿島コムカイ支払額（10%標準）","11_鹿島コムカイ支払額（8%軽減）","11_鹿島コムカイ支払額（非課税）","12_ミヤザキ支払合計額","12_ミヤザキ支払額（10%標準）","12_ミヤザキ支払額（8%軽減）","12_ミヤザキ支払額（非課税）","13_かみす消化器内視鏡クリニック支払合計額","13_かみす消化器内視鏡クリニック支払額（10%標準）","13_かみす消化器内視鏡クリニック支払額（8%軽減）","13_かみす消化器内視鏡クリニック支払額（非課税）","14_パルフィンガー支払合計額","14_パルフィンガー支払額（10%標準）","14_パルフィンガー支払額（8%軽減）","14_パルフィンガー支払額（非課税）","15_RVHSバイオラボ支払合計額","15_RVHSバイオラボ支払額（10%標準）","15_RVHSバイオラボ支払額（8%軽減）","15_RVHSバイオラボ支払額（非課税）","16_よろづ相談所支払合計額","16_よろづ相談所支払額（10%標準）","16_よろづ相談所支払額（8%軽減）","16_よろづ相談所支払額（非課税）","17_フジキ薬局支払合計額","17_フジキ薬局支払額（10%標準）","17_フジキ薬局支払額（8%軽減）","17_フジキ薬局支払額（非課税）","18_響の轍（ほっともっと小見川）支払合計額","18_響の轍（ほっともっと小見川）支払額（10%標準）","18_響の轍（ほっともっと小見川）支払額（8%軽減）","18_響の轍（ほっともっと小見川）支払額（非課税）","19_ロコティー支払合計額","19_ロコティー支払額（10%標準）","19_ロコティー支払額（8%軽減）","19_ロコティー支払額（非課税）"
202509,859810,474,1813,538,1598,1406,469400,374894,94676,0,390410,269876,120534,0,-2190,644670,215140,0,0,0,0,0,0,0,51050,0,51050,0,0,0,0,0,125730,104700,21030,0,0,0,0,0,144760,105760,39000,0,0,0,0,0,20020,16160,3860,0,1330,1330,0,0,6260,5230,1030,0,0,0,0,0,0,0,0,0,0,0,0,0,0,0,0,0,0,0,0,0,0,0,0,0,0,0,0,0,0,0,0,0,0,0,0,0,2250,1350,900,0,0,0,0,0,0,0,0,0,0,0,0,0,700,700,0,0,0,0,0,0,0,0,0,0,0,0,0,0,0,0,0,0,0,0,0,0,0,0,0,0,0,0,0,0,0,0,0,0
202510,754500,363,2078,436,1730,1275,494890,396786,98104,0,259610,203690,55920,0,-3000,600476,154024,0,0,0,0,0,0,0,27700,0,27700,0,0,0,0,0,117780,105310,12470,0,0,0,0,0,77610,67180,10430,0,0,0,0,0,7150,5490,1660,0,5780,5050,730,0,7990,5860,2130,0,0,0,0,0,0,0,0,0,0,0,0,0,0,0,0,0,0,0,0,0,0,0,0,0,0,0,0,0,0,0,0,0,0,0,0,0,0,0,0,0,0,0,0,0,0,0,0,0,0,0,0,0,3600,2800,800,0,0,0,0,0,0,0,0,0,0,0,0,0,0,0,0,0,0,0,0,0,0,0,0,0,0,0,0,0,0,0,0,0
202511,760527,409,1859,427,1781,1209,403290,306940,96350,0,357237,249567,107670,0,0,556507,204020,0,0,0,0,0,0,0,54020,0,54020,0,25600,3450,22150,0,108360,96850,11510,0,0,0,0,0,96510,81920,14590,0,0,0,0,0,5570,4470,1100,0,1700,0,1700,0,2380,1050,1330,0,0,0,0,0,0,0,0,0,0,0,0,0,0,0,0,0,0,0,0,0,0,0,0,0,0,0,0,0,0,0,0,0,0,0,0,0,3640,2370,1270,0,0,0,0,0,0,0,0,0,0,0,0,0,6790,6790,0,0,0,0,0,0,0,0,0,0,0,0,0,0,0,0,0,0,0,0,0,0,0,0,0,0,0,0,0,0,0,0,0,0
202512,794970,378,2103,384,2070,1378,531110,453220,77890,0,263860,170600,93260,0,0,623820,171150,0,0,0,0,0,0,0,18900,0,18900,0,39700,950,38750,0,56210,45220,10990,0,0,0,0,0,117050,96450,20600,0,0,0,0,0,12330,11070,1260,0,6260,5430,830,0,12610,11080,1530,0,0,0,0,0,0,0,0,0,0,0,0,0,0,0,0,0,0,0,0,0,0,0,0,0,0,0,0,0,0,0,0,0,0,0,0,0,800,400,400,0,0,0,0,0,0,0,0,0,0,0,0,0,0,0,0,0,0,0,0,0,0,0,0,0,0,0,0,0,0,0,0,0,0,0,0,0,0,0,0,0,0,0,0,0,0,0,0,0
202601,896390,400,2240,434,2065,1459,550620,499870,50750,0,345770,264450,81320,0,0,764320,132070,0,0,0,0,0,0,0,51060,2670,48390,0,22560,6630,15930,0,111200,109900,1300,0,0,0,0,0,113150,100050,13100,0,0,0,0,0,7630,6330,1300,0,17300,16650,650,0,20270,19620,650,0,0,0,0,0,0,0,0,0,0,0,0,0,0,0,0,0,0,0,0,0,0,0,0,0,0,0,0,0,0,0,0,0,0,0,0,0,1300,1300,0,0,0,0,0,0,0,0,0,0,0,0,0,0,1300,1300,0,0,0,0,0,0,0,0,0,0,0,0,0,0,0,0,0,0,0,0,0,0,0,0,0,0,0,0,0,0,0,0,0,0
202602,702970,339,2073,354,1985,1091,405140,369492,35648,0,297830,244400,53430,0,-12500,613892,89078,0,0,0,0,0,0,0,38590,9300,29290,0,22860,2670,20190,0,98560,94610,3950,0,0,0,0,0,77380,77380,0,0,0,0,0,0,20960,20960,0,0,33270,33270,0,0,6210,6210,0,0,0,0,0,0,0,0,0,0,0,0,0,0,0,0,0,0,0,0,0,0,0,0,0,0,0,0,0,0,0,0,0,0,0,0,0,0,0,0,0,0,0,0,0,0,0,0,0,0,0,0,0,0,0,0,0,0,0,0,0,0,0,0,0,0,0,0,0,0,0,0,0,0,0,0,0,0,0,0,0,0,0,0,0,0,0,0,0,0
202603,938260,442,2122,477,1967,1488,605200,558350,46850,0,333060,260160,72900,0,0,818510,119750,0,0,0,0,0,0,0,26320,890,25430,0,29500,1780,27720,0,152270,141720,10550,0,0,0,0,0,86020,83720,2300,0,0,0,0,0,6200,3400,2800,0,3850,3050,800,0,26950,24950,2000,0,0,0,0,0,0,0,0,0,0,0,0,0,0,0,0,0,0,0,0,0,0,0,0,0,0,0,0,0,0,0,0,0,0,0,0,0,650,650,0,0,1300,0,1300,0,0,0,0,0,0,0,0,0,0,0,0,0,0,0,0,0,0,0,0,0,0,0,0,0,0,0,0,0,0,0,0,0,0,0,0,0,0,0,0,0,0,0,0,0
202604,1063070,425,2501,452,2351,1591,626110,602310,23800,0,436960,354760,82200,0,0,957070,106000,0,0,0,0,0,0,0,53150,13260,39890,0,39200,5540,33660,0,221930,217280,4650,0,0,0,0,0,66210,63810,2400,0,0,0,0,0,6200,6200,0,0,23270,21670,1600,0,24450,24450,0,0,0,0,0,0,0,0,0,0,0,0,0,0,0,0,0,0,0,0,0,0,0,0,0,0,0,0,0,0,0,0,0,0,0,0,0,0,650,650,0,0,1900,1900,0,0,0,0,0,0,0,0,0,0,0,0,0,0,0,0,0,0,0,0,0,0,0,0,0,0,0,0,0,0,0,0,0,0,0,0,0,0,0,0,0,0,0,0,0,0
202605,1048760,549,1910,628,1670,1549,639610,606010,33600,0,409150,301280,107870,0,0,907290,141470,0,0,0,0,0,0,0,70380,13660,56720,0,47210,3760,43450,0,113720,109220,4500,0,0,0,0,0,127500,125100,2400,0,0,0,0,0,16000,16000,0,0,7790,7790,0,0,15850,15050,800,0,0,0,0,0,0,0,0,0,0,0,0,0,0,0,0,0,0,0,0,0,0,0,0,0,0,0,0,0,0,0,0,0,0,0,0,0,1600,1600,0,0,3900,3900,0,0,0,0,0,0,0,0,0,0,5200,5200,0,0,0,0,0,0,0,0,0,0,0,0,0,0,0,0,0,0,0,0,0,0,0,0,0,0,0,0,0,0,0,0,0,0
202606,852270,408,2088,485,1757,1251,482300,448200,34100,0,369970,271200,98770,0,0,719400,132870,0,0,0,0,0,0,0,68770,9990,58780,0,65000,38160,26840,0,105450,99000,6450,0,0,0,0,0,105150,99250,5900,0,0,0,0,0,6700,6700,0,0,4200,4200,0,0,11500,10700,800,0,0,0,0,0,0,0,0,0,0,0,0,0,0,0,0,0,0,0,0,0,0,0,0,0,0,0,0,0,0,0,0,0,0,0,0,0,600,600,0,0,1300,1300,0,0,0,0,0,0,0,0,0,0,1300,1300,0,0,0,0,0,0,0,0,0,0,0,0,0,0,0,0,0,0,0,0,0,0,0,0,0,0,0,0,0,0,0,0,0,0
202607,995110,485,2051,594,1675,1455,532300,519400,12900,0,462810,392490,70320,0,0,911890,83220,0,0,0,0,0,0,0,47660,5500,42160,0,75150,52240,22910,0,161250,158900,2350,0,0,0,0,0,146100,144650,1450,0,0,0,0,0,8050,8050,0,0,5400,5400,0,0,18400,16950,1450,0,0,0,0,0,0,0,0,0,0,0,0,0,0,0,0,0,0,0,0,0,0,0,0,0,0,0,0,0,0,0,0,0,0,0,0,0,0,0,0,0,0,0,0,0,800,800,0,0,0,0,0,0,0,0,0,0,0,0,0,0,0,0,0,0,0,0,0,0,0,0,0,0,0,0,0,0,0,0,0,0,0,0,0,0,0,0,0,0
202608,1070280,576,1858,684,1564,1620,512520,484370,28150,0,557760,469720,88040,0,0,954090,116190,0,0,0,0,0,0,0,64100,34400,29700,0,73010,28320,44690,0,138400,132600,5800,0,0,0,0,0,232400,226000,6400,0,0,0,0,0,18000,18000,0,0,13350,13350,0,0,6700,5250,1450,0,0,0,0,0,0,0,0,0,7500,7500,0,0,0,0,0,0,0,0,0,0,0,0,0,0,0,0,0,0,0,0,0,0,0,0,0,0,0,0,0,0,0,0,0,0,1300,1300,0,0,0,0,0,0,3000,3000,0,0,0,0,0,0,0,0,0,0,0,0,0,0,0,0,0,0,0,0,0,0,0,0,0,0,0,0,0,0,0,0,0,0
