集計期間,売上,会計数,会計単価,客数,客単価,商品数,現金支払合計額,現金支払額（10%標準）,現金支払額（8%軽減）,現金支払額（非課税）,現金その他支払合計額,現金その他支払額（10%標準）,現金その他支払額（8%軽減）,現金その他支払額（非課税）,割引額,売上（10%標準）,売上（8%軽減）,売上（8%標準）,売上（非課税）,返品数,返金額,返金額（10%標準）,返金額（8%軽減）,返金額（非課税）,"クレジットカード(Airペイ)支払合計額","クレジットカード(Airペイ)支払額（10%標準）","クレジットカード(Airペイ)支払額（8%軽減）","クレジットカード(Airペイ)支払額（非課税）","クレジットカード(Airペイ タッチ)支払合計額","クレジットカード(Airペイ タッチ)支払額（10%標準）","クレジットカード(Airペイ タッチ)支払額（8%軽減）","クレジットカード(Airペイ タッチ)支払額（非課税）","QR決済(Airペイ QR)支払合計額","QR決済(Airペイ QR)支払額（10%標準）","QR決済(Airペイ QR)支払額（8%軽減）","QR決済(Airペイ QR)支払額（非課税）","QR決済(Airペイ)支払合計額","QR決済(Airペイ)支払額（10%標準）","QR決済(Airペイ)支払額（8%軽減）","QR決済(Airペイ)支払額（非課税）","交通系電子マネー(Airペイ)支払合計額","交通系電子マネー(Airペイ)支払額（10%標準）","交通系電子マネー(Airペイ)支払額（8%軽減）","交通系電子マネー(Airペイ)支払額（非課税）","iD(Airペイ)支払合計額","iD(Airペイ)支払額（10%標準）","iD(Airペイ)支払額（8%軽減）","iD(Airペイ)支払額（非課税）","QUICPay(Airペイ)支払合計額","QUICPay(Airペイ)支払額（10%標準）","QUICPay(Airペイ)支払額（8%軽減）","QUICPay(Airペイ)支払額（非課税）","UnionPay 銀聯(Airペイ)支払合計額","UnionPay 銀聯(Airペイ)支払額（10%標準）","UnionPay 銀聯(Airペイ)支払額（8%軽減）","UnionPay 銀聯(Airペイ)支払額（非課税）","アントラーズDMO支払合計額","アントラーズDMO支払額（10%標準）","アントラーズDMO支払額（8%軽減）","アントラーズDMO支払額（非課税）","01_プロセミ支払合計額","01_プロセミ支払額（10%標準）","01_プロセミ支払額（8%軽減）","01_プロセミ支払額（非課税）","02_小林塗料支払合計額","02_小林塗料支払額（10%標準）","02_小林塗料支払額（8%軽減）","02_小林塗料支払額（非課税）","03_プラスワン支払合計額","03_プラスワン支払額（10%標準）","03_プラスワン支払額（8%軽減）","03_プラスワン支払額（非課税）","04_鈴生ハウジング支払合計額","04_鈴生ハウジング支払額（10%標準）","04_鈴生ハウジング支払額（8%軽減）","04_鈴生ハウジング支払額（非課税）","05_廣瀬造園支払合計額","05_廣瀬造園支払額（10%標準）","05_廣瀬造園支払額（8%軽減）","05_廣瀬造園支払額（非課税）","06_ヒューマンモビリティ支払合計額","06_ヒューマンモビリティ支払額（10%標準）","06_ヒューマンモビリティ支払額（8%軽減）","06_ヒューマンモビリティ支払額（非課税）","07_司設計事務所支払合計額","07_司設計事務所支払額（10%標準）","07_司設計事務所支払額（8%軽減）","07_司設計事務所支払額（非課税）","08_向後セラミックス支払合計額","08_向後セラミックス支払額（10%標準）","08_向後セラミックス支払額（8%軽減）","08_向後セラミックス支払額（非課税）","09_泉ハウジング支払合計額","09_泉ハウジング支払額（10%標準）","09_泉ハウジング支払額（8%軽減）","09_泉ハウジング支払額（非課税）","10_イセデリカ支払合計額","10_イセデリカ支払額（10%標準）","10_イセデリカ支払額（8%軽減）","10_イセデリカ支払額（非課税）","11_鹿島コムカイ支払合計額","11_鹿島コムカイ支払額（10%標準）","11_鹿島コムカイ支払額（8%軽減）","11_鹿島コムカイ支払額（非課税）","12_ミヤザキ支払合計額","12_ミヤザキ支払額（10%標準）","12_ミヤザキ支払額（8%軽減）","12_ミヤザキ支払額（非課税）","13_かみす消化器内視鏡クリニック支払合計額","13_かみす消化器内視鏡クリニック支払額（10%標準）","13_かみす消化器内視鏡クリニック支払額（8%軽減）","13_かみす消化器内視鏡クリニック支払額（非課税）","14_パルフィンガー支払合計額","14_パルフィンガー支払額（10%標準）","14_パルフィンガー支払額（8%軽減）","14_パルフィンガー支払額（非課税）","15_RVHSバイオラボ支払合計額","15_RVHSバイオラボ支払額（10%標準）","15_RVHSバイオラボ支払額（8%軽減）","15_RVHSバイオラボ支払額（非課税）","16_よろづ相談所支払合計額","16_よろづ相談所支払額（10%標準）","16_よろづ相談所支払額（8%軽減）","16_よろづ相談所支払額（非課税）","17_フジキ薬局支払合計額","17_フジキ薬局支払額（10%標準）","17_フジキ薬局支払額（8%軽減）","17_フジキ薬局支払額（非課税）","18_響の轍（ほっともっと小見川）支払合計額","18_響の轍（ほっともっと小見川）支払額（10%標準）","18_響の轍（ほっともっと小見川）支払額（8%軽減）","18_響の轍（ほっともっと小見川）支払額（非課税）","19_ロコティー支払合計額","19_ロコティー支払額（10%標準）","19_ロコティー支払額（8%軽減）","19_ロコティー支払額（非課税）"
20260801,47200,14,3371,23,2052,78,27050,27050,0,0,20150,20150,0,0,0,47200,0,0,0,0,0,0,0,0,12100,12100,0,0,0,0,0,0,0,0,0,0,8050,8050,0,0,0,0,0,0,0,0,0,0,0,0,0,0,0,0,0,0,0,0,0,0,0,0,0,0,0,0,0,0,0,0,0,0,0,0,0,0,0,0,0,0,0,0,0,0,0,0,0,0,0,0,0,0,0,0,0,0,0,0,0,0,0,0,0,0,0,0,0,0,0,0,0,0,0,0,0,0,0,0,0,0,0,0,0,0,0,0,0,0,0,0,0,0,0,0,0,0
20260802,45750,14,3267,24,1906,69,39450,39450,0,0,6300,6300,0,0,0,45750,0,0,0,0,0,0,0,0,1950,1950,0,0,0,0,0,0,0,0,0,0,4350,4350,0,0,0,0,0,0,0,0,0,0,0,0,0,0,0,0,0,0,0,0,0,0,0,0,0,0,0,0,0,0,0,0,0,0,0,0,0,0,0,0,0,0,0,0,0,0,0,0,0,0,0,0,0,0,0,0,0,0,0,0,0,0,0,0,0,0,0,0,0,0,0,0,0,0,0,0,0,0,0,0,0,0,0,0,0,0,0,0,0,0,0,0,0,0,0,0,0,0
20260803,31850,9,3538,13,2450,44,18100,18100,0,0,13750,13750,0,0,0,31850,0,0,0,0,0,0,0,0,6950,6950,0,0,0,0,0,0,0,0,0,0,500,500,0,0,0,0,0,0,4000,4000,0,0,0,0,0,0,0,0,0,0,0,0,0,0,0,0,0,0,0,0,0,0,0,0,0,0,0,0,0,0,0,0,0,0,0,0,0,0,0,0,0,0,0,0,0,0,2300,2300,0,0,0,0,0,0,0,0,0,0,0,0,0,0,0,0,0,0,0,0,0,0,0,0,0,0,0,0,0,0,0,0,0,0,0,0,0,0,0,0,0,0
20260804,33200,14,2371,19,1747,51,14200,14200,0,0,19000,19000,0,0,0,33200,0,0,0,0,0,0,0,0,11250,11250,0,0,0,0,0,0,0,0,0,0,7750,7750,0,0,0,0,0,0,0,0,0,0,0,0,0,0,0,0,0,0,0,0,0,0,0,0,0,0,0,0,0,0,0,0,0,0,0,0,0,0,0,0,0,0,0,0,0,0,0,0,0,0,0,0,0,0,0,0,0,0,0,0,0,0,0,0,0,0,0,0,0,0,0,0,0,0,0,0,0,0,0,0,0,0,0,0,0,0,0,0,0,0,0,0,0,0,0,0,0,0
20260806,43100,8,5387,10,4310,34,30200,30200,0,0,12900,12900,0,0,0,43100,0,0,0,0,0,0,0,0,3300,3300,0,0,0,0,0,0,0,0,0,0,500,500,0,0,0,0,0,0,0,0,0,0,0,0,0,0,0,0,0,0,7500,7500,0,0,0,0,0,0,0,0,0,0,0,0,0,0,0,0,0,0,0,0,0,0,0,0,0,0,0,0,0,0,0,0,0,0,0,0,0,0,0,0,0,0,1600,1600,0,0,0,0,0,0,0,0,0,0,0,0,0,0,0,0,0,0,0,0,0,0,0,0,0,0,0,0,0,0,0,0,0,0
20260807,41550,8,5193,8,5193,62,8400,8400,0,0,33150,33150,0,0,0,41550,0,0,0,0,0,0,0,0,16150,16150,0,0,0,0,0,0,0,0,0,0,3250,3250,0,0,0,0,0,0,0,0,0,0,13750,13750,0,0,0,0,0,0,0,0,0,0,0,0,0,0,0,0,0,0,0,0,0,0,0,0,0,0,0,0,0,0,0,0,0,0,0,0,0,0,0,0,0,0,0,0,0,0,0,0,0,0,0,0,0,0,0,0,0,0,0,0,0,0,0,0,0,0,0,0,0,0,0,0,0,0,0,0,0,0,0,0,0,0,0,0,0,0
20260808,50820,18,2823,27,1882,79,28880,28880,0,0,21940,21940,0,0,0,50820,0,0,0,0,0,0,0,0,0,0,0,0,0,0,0,0,0,0,0,0,21940,21940,0,0,0,0,0,0,0,0,0,0,0,0,0,0,0,0,0,0,0,0,0,0,0,0,0,0,0,0,0,0,0,0,0,0,0,0,0,0,0,0,0,0,0,0,0,0,0,0,0,0,0,0,0,0,0,0,0,0,0,0,0,0,0,0,0,0,0,0,0,0,0,0,0,0,0,0,0,0,0,0,0,0,0,0,0,0,0,0,0,0,0,0,0,0,0,0,0,0
20260809,68920,31,2223,34,2027,106,40420,40420,0,0,28500,28500,0,0,0,68920,0,0,0,0,0,0,0,0,20730,20730,0,0,0,0,0,0,0,0,0,0,7770,7770,0,0,0,0,0,0,0,0,0,0,0,0,0,0,0,0,0,0,0,0,0,0,0,0,0,0,0,0,0,0,0,0,0,0,0,0,0,0,0,0,0,0,0,0,0,0,0,0,0,0,0,0,0,0,0,0,0,0,0,0,0,0,0,0,0,0,0,0,0,0,0,0,0,0,0,0,0,0,0,0,0,0,0,0,0,0,0,0,0,0,0,0,0,0,0,0,0,0
20260810,48400,21,2304,30,1613,72,34700,34700,0,0,13700,13700,0,0,0,48400,0,0,0,0,0,0,0,0,8750,8750,0,0,0,0,0,0,0,0,0,0,2550,2550,0,0,0,0,0,0,0,0,0,0,2400,2400,0,0,0,0,0,0,0,0,0,0,0,0,0,0,0,0,0,0,0,0,0,0,0,0,0,0,0,0,0,0,0,0,0,0,0,0,0,0,0,0,0,0,0,0,0,0,0,0,0,0,0,0,0,0,0,0,0,0,0,0,0,0,0,0,0,0,0,0,0,0,0,0,0,0,0,0,0,0,0,0,0,0,0,0,0,0
20260811,45480,15,3032,25,1819,71,29520,29520,0,0,15960,15960,0,0,0,45480,0,0,0,0,0,0,0,0,1450,1450,0,0,0,0,0,0,0,0,0,0,5100,5100,0,0,0,0,0,0,0,0,0,0,7810,7810,0,0,0,0,0,0,0,0,0,0,0,0,0,0,0,0,0,0,0,0,0,0,0,0,0,0,0,0,0,0,0,0,0,0,1600,1600,0,0,0,0,0,0,0,0,0,0,0,0,0,0,0,0,0,0,0,0,0,0,0,0,0,0,0,0,0,0,0,0,0,0,0,0,0,0,0,0,0,0,0,0,0,0,0,0,0,0
20260813,44850,16,2803,21,2135,58,21100,21100,0,0,23750,23750,0,0,0,44850,0,0,0,0,0,0,0,0,14800,14800,0,0,0,0,0,0,0,0,0,0,8950,8950,0,0,0,0,0,0,0,0,0,0,0,0,0,0,0,0,0,0,0,0,0,0,0,0,0,0,0,0,0,0,0,0,0,0,0,0,0,0,0,0,0,0,0,0,0,0,0,0,0,0,0,0,0,0,0,0,0,0,0,0,0,0,0,0,0,0,0,0,0,0,0,0,0,0,0,0,0,0,0,0,0,0,0,0,0,0,0,0,0,0,0,0,0,0,0,0,0,0
20260814,48650,12,4054,19,2560,76,38400,38400,0,0,10250,10250,0,0,0,48650,0,0,0,0,0,0,0,0,1100,1100,0,0,0,0,0,0,0,0,0,0,9150,9150,0,0,0,0,0,0,0,0,0,0,0,0,0,0,0,0,0,0,0,0,0,0,0,0,0,0,0,0,0,0,0,0,0,0,0,0,0,0,0,0,0,0,0,0,0,0,0,0,0,0,0,0,0,0,0,0,0,0,0,0,0,0,0,0,0,0,0,0,0,0,0,0,0,0,0,0,0,0,0,0,0,0,0,0,0,0,0,0,0,0,0,0,0,0,0,0,0,0
20260815,71800,19,3778,25,2872,106,38600,38600,0,0,33200,33200,0,0,0,71800,0,0,0,0,0,0,0,0,14800,14800,0,0,0,0,0,0,0,0,0,0,15500,15500,0,0,2900,2900,0,0,0,0,0,0,0,0,0,0,0,0,0,0,0,0,0,0,0,0,0,0,0,0,0,0,0,0,0,0,0,0,0,0,0,0,0,0,0,0,0,0,0,0,0,0,0,0,0,0,0,0,0,0,0,0,0,0,0,0,0,0,0,0,0,0,0,0,0,0,0,0,0,0,0,0,0,0,0,0,0,0,0,0,0,0,0,0,0,0,0,0,0,0
20260816,47450,14,3389,19,2497,69,23250,23250,0,0,24200,24200,0,0,0,47450,0,0,0,0,0,0,0,0,12650,12650,0,0,0,0,0,0,0,0,0,0,9250,9250,0,0,0,0,0,0,0,0,0,0,0,0,0,0,0,0,0,0,0,0,0,0,0,0,0,0,0,0,0,0,0,0,0,0,0,0,0,0,0,0,0,0,0,0,0,0,0,0,0,0,2300,2300,0,0,0,0,0,0,0,0,0,0,0,0,0,0,0,0,0,0,0,0,0,0,0,0,0,0,0,0,0,0,0,0,0,0,0,0,0,0,0,0,0,0,0,0,0,0
20260817,23400,11,2127,14,1671,34,22900,22900,0,0,500,500,0,0,0,23400,0,0,0,0,0,0,0,0,0,0,0,0,0,0,0,0,0,0,0,0,500,500,0,0,0,0,0,0,0,0,0,0,0,0,0,0,0,0,0,0,0,0,0,0,0,0,0,0,0,0,0,0,0,0,0,0,0,0,0,0,0,0,0,0,0,0,0,0,0,0,0,0,0,0,0,0,0,0,0,0,0,0,0,0,0,0,0,0,0,0,0,0,0,0,0,0,0,0,0,0,0,0,0,0,0,0,0,0,0,0,0,0,0,0,0,0,0,0,0,0
20260818,36700,14,2621,15,2446,46,34100,34100,0,0,2600,2600,0,0,0,36700,0,0,0,0,0,0,0,0,0,0,0,0,0,0,0,0,0,0,0,0,2600,2600,0,0,0,0,0,0,0,0,0,0,0,0,0,0,0,0,0,0,0,0,0,0,0,0,0,0,0,0,0,0,0,0,0,0,0,0,0,0,0,0,0,0,0,0,0,0,0,0,0,0,0,0,0,0,0,0,0,0,0,0,0,0,0,0,0,0,0,0,0,0,0,0,0,0,0,0,0,0,0,0,0,0,0,0,0,0,0,0,0,0,0,0,0,0,0,0,0,0
20260821,33950,11,3086,15,2263,53,22800,22800,0,0,11150,11150,0,0,0,33950,0,0,0,0,0,0,0,0,7650,7650,0,0,0,0,0,0,0,0,0,0,3500,3500,0,0,0,0,0,0,0,0,0,0,0,0,0,0,0,0,0,0,0,0,0,0,0,0,0,0,0,0,0,0,0,0,0,0,0,0,0,0,0,0,0,0,0,0,0,0,0,0,0,0,0,0,0,0,0,0,0,0,0,0,0,0,0,0,0,0,0,0,0,0,0,0,0,0,0,0,0,0,0,0,0,0,0,0,0,0,0,0,0,0,0,0,0,0,0,0,0,0
20260822,60350,17,3550,31,1946,88,42450,42450,0,0,17900,17900,0,0,0,60350,0,0,0,0,0,0,0,0,0,0,0,0,0,0,0,0,0,0,0,0,17900,17900,0,0,0,0,0,0,0,0,0,0,0,0,0,0,0,0,0,0,0,0,0,0,0,0,0,0,0,0,0,0,0,0,0,0,0,0,0,0,0,0,0,0,0,0,0,0,0,0,0,0,0,0,0,0,0,0,0,0,0,0,0,0,0,0,0,0,0,0,0,0,0,0,0,0,0,0,0,0,0,0,0,0,0,0,0,0,0,0,0,0,0,0,0,0,0,0,0,0
20260823,44900,16,2806,23,1952,63,27800,27800,0,0,17100,17100,0,0,0,44900,0,0,0,0,0,0,0,0,4250,4250,0,0,0,0,0,0,0,0,0,0,12850,12850,0,0,0,0,0,0,0,0,0,0,0,0,0,0,0,0,0,0,0,0,0,0,0,0,0,0,0,0,0,0,0,0,0,0,0,0,0,0,0,0,0,0,0,0,0,0,0,0,0,0,0,0,0,0,0,0,0,0,0,0,0,0,0,0,0,0,0,0,0,0,0,0,0,0,0,0,0,0,0,0,0,0,0,0,0,0,0,0,0,0,0,0,0,0,0,0,0,0
20260824,54850,17,3226,22,2493,83,34150,34150,0,0,20700,20700,0,0,0,54850,0,0,0,0,0,0,0,0,8700,8700,0,0,0,0,0,0,0,0,0,0,12000,12000,0,0,0,0,0,0,0,0,0,0,0,0,0,0,0,0,0,0,0,0,0,0,0,0,0,0,0,0,0,0,0,0,0,0,0,0,0,0,0,0,0,0,0,0,0,0,0,0,0,0,0,0,0,0,0,0,0,0,0,0,0,0,0,0,0,0,0,0,0,0,0,0,0,0,0,0,0,0,0,0,0,0,0,0,0,0,0,0,0,0,0,0,0,0,0,0,0,0
20260825,28100,9,3122,12,2341,44,17000,17000,0,0,11100,11100,0,0,0,28100,0,0,0,0,0,0,0,0,10100,10100,0,0,0,0,0,0,0,0,0,0,1000,1000,0,0,0,0,0,0,0,0,0,0,0,0,0,0,0,0,0,0,0,0,0,0,0,0,0,0,0,0,0,0,0,0,0,0,0,0,0,0,0,0,0,0,0,0,0,0,0,0,0,0,0,0,0,0,0,0,0,0,0,0,0,0,0,0,0,0,0,0,0,0,0,0,0,0,0,0,0,0,0,0,0,0,0,0,0,0,0,0,0,0,0,0,0,0,0,0,0,0
20260827,38350,14,2739,21,1826,60,20700,20700,0,0,17650,17650,0,0,0,38350,0,0,0,0,0,0,0,0,16650,16650,0,0,0,0,0,0,0,0,0,0,1000,1000,0,0,0,0,0,0,0,0,0,0,0,0,0,0,0,0,0,0,0,0,0,0,0,0,0,0,0,0,0,0,0,0,0,0,0,0,0,0,0,0,0,0,0,0,0,0,0,0,0,0,0,0,0,0,0,0,0,0,0,0,0,0,0,0,0,0,0,0,0,0,0,0,0,0,0,0,0,0,0,0,0,0,0,0,0,0,0,0,0,0,0,0,0,0,0,0,0,0
20260828,41000,11,3727,15,2733,38,33000,33000,0,0,8000,8000,0,0,0,41000,0,0,0,0,0,0,0,0,8000,8000,0,0,0,0,0,0,0,0,0,0,0,0,0,0,0,0,0,0,0,0,0,0,0,0,0,0,0,0,0,0,0,0,0,0,0,0,0,0,0,0,0,0,0,0,0,0,0,0,0,0,0,0,0,0,0,0,0,0,0,0,0,0,0,0,0,0,0,0,0,0,0,0,0,0,0,0,0,0,0,0,0,0,0,0,0,0,0,0,0,0,0,0,0,0,0,0,0,0,0,0,0,0,0,0,0,0,0,0,0,0
20260829,47000,8,5875,14,3357,70,7250,7250,0,0,39750,39750,0,0,0,47000,0,0,0,0,0,0,0,0,14500,14500,0,0,0,0,0,0,0,0,0,0,25250,25250,0,0,0,0,0,0,0,0,0,0,0,0,0,0,0,0,0,0,0,0,0,0,0,0,0,0,0,0,0,0,0,0,0,0,0,0,0,0,0,0,0,0,0,0,0,0,0,0,0,0,0,0,0,0,0,0,0,0,0,0,0,0,0,0,0,0,0,0,0,0,0,0,0,0,0,0,0,0,0,0,0,0,0,0,0,0,0,0,0,0,0,0,0,0,0,0,0,0
20260830,37800,17,2223,20,1890,46,20500,20500,0,0,17300,17300,0,0,0,37800,0,0,0,0,0,0,0,0,3950,3950,0,0,0,0,0,0,0,0,0,0,13350,13350,0,0,0,0,0,0,0,0,0,0,0,0,0,0,0,0,0,0,0,0,0,0,0,0,0,0,0,0,0,0,0,0,0,0,0,0,0,0,0,0,0,0,0,0,0,0,0,0,0,0,0,0,0,0,0,0,0,0,0,0,0,0,0,0,0,0,0,0,0,0,0,0,0,0,0,0,0,0,0,0,0,0,0,0,0,0,0,0,0,0,0,0,0,0,0,0,0,0
20260831,27000,10,2700,17,1588,44,26000,26000,0,0,1000,1000,0,0,0,27000,0,0,0,0,0,0,0,0,0,0,0,0,0,0,0,0,0,0,0,0,1000,1000,0,0,0,0,0,0,0,0,0,0,0,0,0,0,0,0,0,0,0,0,0,0,0,0,0,0,0,0,0,0,0,0,0,0,0,0,0,0,0,0,0,0,0,0,0,0,0,0,0,0,0,0,0,0,0,0,0,0,0,0,0,0,0,0,0,0,0,0,0,0,0,0,0,0,0,0,0,0,0,0,0,0,0,0,0,0,0,0,0,0,0,0,0,0,0,0,0,0
