得意先コード,カードNo.1,カードNo.2,カードNo.3,利用総額,ＪＨ利用総額,ＪＨ高速利用額,ＪＨ高速割引対象額１,ＪＨ高速割引額,ＪＨ一般有料利用額,ＪＨ一般有料割引対象額,ＪＨ一般有料割引額,ＪＨ公社利用額,ＪＨ請求総額,ＪＨ補足カード単位調整額,本四利用額,本四割引対象額,本四割引額,本四調整額,首都利用額,首都割引対象額,首都割引額,首都請求総額,首都調整額,阪神利用額,阪神割引対象額,阪神割引額,阪神請求総額,阪神調整額,ＪＨ車両不一致金額,ＪＨ車両不一致有料,本四車両不一致金額,備考
42400,1133940004,24610,2,0,0,0,0,0,0,0,0,0,0,0,0,0,0,0,0,0,0,0,0,0,0,0,0,0,0,0,0,
42400,1133940004,24620,5,9400,9400,8480,6450,-44,920,200,0,0,9356,0,0,0,0,0,0,0,0,0,0,0,0,0,0,0,0,0,0,
42400,1133940004,24632,2,1470,1470,1170,1170,0,300,300,0,0,1470,0,0,0,0,0,0,0,0,0,0,0,0,0,0,0,0,0,0,
42400,1133940004,24640,1,15010,15010,10770,9050,-122,4240,1840,0,0,14888,0,0,0,0,0,0,0,0,0,0,0,0,0,0,0,0,0,0,
42400,1133940004,24660,7,0,0,0,0,0,0,0,0,0,0,0,0,0,0,0,0,0,0,0,0,0,0,0,0,0,0,0,0,
42400,1133940004,25020,8,0,0,0,0,0,0,0,0,0,0,0,0,0,0,0,0,0,0,0,0,0,0,0,0,0,0,0,0,
42400,1133940004,68610,2,24080,24080,22800,20220,-1479,1280,1280,0,0,22601,0,0,0,0,0,0,0,0,0,0,0,0,0,0,0,0,0,0,
42400,1133940004,68620,5,29230,28110,23070,20030,-1454,5040,4850,0,0,26656,0,0,0,0,0,1120,1120,0,1120,0,0,0,0,0,0,0,0,0,
42400,1133940004,73400,9,16210,16210,8600,8600,-108,7610,0,0,0,16102,0,0,0,0,0,0,0,0,0,0,0,0,0,0,0,0,0,0,
